customer_id,test_group,campaign_name
1502,control,paid_ab_q3
2587,variant,email_ab_q3
2654,variant,email_ab_q3
1056,control,email_ab_q3
706,control,paid_ab_q3
107,control,paid_ab_q3
590,control,paid_ab_q3
2469,control,email_ab_q3
2414,variant,paid_ab_q3
1601,control,email_ab_q3
2465,control,email_ab_q3
229,control,paid_ab_q3
916,variant,email_ab_q3
795,control,paid_ab_q3
3022,control,paid_ab_q3
3544,variant,paid_ab_q3
1074,control,email_ab_q3
3352,control,email_ab_q3
1745,variant,paid_ab_q3
1085,variant,paid_ab_q3
927,control,email_ab_q3
3050,variant,paid_ab_q3
1118,control,email_ab_q3
643,control,paid_ab_q3
4768,variant,email_ab_q3
502,variant,paid_ab_q3
4067,variant,email_ab_q3
334,control,email_ab_q3
4685,variant,email_ab_q3
487,control,email_ab_q3
1963,variant,email_ab_q3
394,control,paid_ab_q3
4843,control,paid_ab_q3
4867,variant,paid_ab_q3
1756,control,paid_ab_q3
2516,variant,paid_ab_q3
3586,variant,paid_ab_q3
4316,variant,email_ab_q3
4967,variant,paid_ab_q3
2100,control,email_ab_q3
3600,control,paid_ab_q3
4122,variant,email_ab_q3
30,control,email_ab_q3
66,control,paid_ab_q3
839,variant,email_ab_q3
3907,control,paid_ab_q3
3774,variant,paid_ab_q3
4636,control,email_ab_q3
3162,variant,email_ab_q3
2660,control,email_ab_q3
4616,control,email_ab_q3
4629,control,paid_ab_q3
2452,control,email_ab_q3
2847,variant,paid_ab_q3
1145,control,paid_ab_q3
3079,variant,paid_ab_q3
1104,control,email_ab_q3
169,variant,email_ab_q3
1671,variant,paid_ab_q3
2571,control,email_ab_q3
2378,control,email_ab_q3
4396,control,paid_ab_q3
4258,control,paid_ab_q3
3863,control,paid_ab_q3
24,control,paid_ab_q3
2634,control,paid_ab_q3
3341,control,paid_ab_q3
2216,control,paid_ab_q3
3683,variant,paid_ab_q3
4725,variant,email_ab_q3
1908,variant,paid_ab_q3
85,variant,paid_ab_q3
228,control,paid_ab_q3
297,variant,email_ab_q3
1002,control,email_ab_q3
2139,variant,email_ab_q3
712,control,email_ab_q3
2802,variant,email_ab_q3
2528,variant,email_ab_q3
3753,control,paid_ab_q3
3322,variant,email_ab_q3
3182,variant,paid_ab_q3
4184,variant,email_ab_q3
1616,variant,email_ab_q3
3025,variant,email_ab_q3
1414,control,email_ab_q3
764,variant,email_ab_q3
656,control,paid_ab_q3
4798,control,email_ab_q3
3850,variant,email_ab_q3
4154,control,email_ab_q3
469,control,paid_ab_q3
158,variant,email_ab_q3
1296,variant,paid_ab_q3
498,variant,email_ab_q3
4741,variant,paid_ab_q3
2941,variant,paid_ab_q3
3457,control,email_ab_q3
374,variant,email_ab_q3
80,variant,paid_ab_q3
1554,variant,email_ab_q3
1670,variant,email_ab_q3
2132,variant,paid_ab_q3
4440,control,email_ab_q3
466,variant,paid_ab_q3
249,control,paid_ab_q3
932,variant,paid_ab_q3
1336,variant,email_ab_q3
4525,variant,email_ab_q3
1339,variant,paid_ab_q3
1407,variant,paid_ab_q3
1091,variant,paid_ab_q3
4210,control,paid_ab_q3
743,variant,paid_ab_q3
2324,variant,paid_ab_q3
3602,control,paid_ab_q3
2124,variant,email_ab_q3
2095,variant,email_ab_q3
241,control,paid_ab_q3
2352,control,email_ab_q3
1371,control,email_ab_q3
1058,control,paid_ab_q3
4817,control,email_ab_q3
200,variant,email_ab_q3
2281,variant,email_ab_q3
4750,control,paid_ab_q3
2221,control,email_ab_q3
4772,control,email_ab_q3
2820,variant,paid_ab_q3
3151,variant,email_ab_q3
4257,control,paid_ab_q3
3108,control,paid_ab_q3
1974,variant,email_ab_q3
1376,control,email_ab_q3
3969,control,email_ab_q3
4063,variant,email_ab_q3
4446,control,paid_ab_q3
3558,control,email_ab_q3
965,variant,paid_ab_q3
180,control,paid_ab_q3
3699,variant,paid_ab_q3
3822,control,paid_ab_q3
4879,control,paid_ab_q3
3900,control,paid_ab_q3
4488,control,paid_ab_q3
3239,variant,paid_ab_q3
2975,variant,paid_ab_q3
3581,control,email_ab_q3
2888,variant,email_ab_q3
2576,control,paid_ab_q3
1420,variant,paid_ab_q3
3908,control,paid_ab_q3
4674,variant,paid_ab_q3
4903,variant,email_ab_q3
1861,variant,paid_ab_q3
9,control,email_ab_q3
2895,control,email_ab_q3
2848,control,email_ab_q3
3665,variant,email_ab_q3
145,control,email_ab_q3
2105,control,paid_ab_q3
3144,variant,paid_ab_q3
842,variant,email_ab_q3
1129,variant,email_ab_q3
152,variant,email_ab_q3
3592,control,paid_ab_q3
1053,control,paid_ab_q3
1591,variant,email_ab_q3
3009,control,email_ab_q3
2030,control,email_ab_q3
3419,variant,email_ab_q3
1808,variant,email_ab_q3
2697,variant,email_ab_q3
3040,control,paid_ab_q3
473,variant,paid_ab_q3
3290,control,paid_ab_q3
4075,variant,paid_ab_q3
3497,variant,paid_ab_q3
280,variant,paid_ab_q3
1742,variant,paid_ab_q3
4625,variant,email_ab_q3
2887,control,paid_ab_q3
1942,variant,paid_ab_q3
101,variant,email_ab_q3
2805,control,email_ab_q3
3571,control,paid_ab_q3
3685,variant,paid_ab_q3
3662,variant,paid_ab_q3
531,control,email_ab_q3
1887,variant,paid_ab_q3
682,control,paid_ab_q3
3795,control,email_ab_q3
3945,control,paid_ab_q3
4667,control,email_ab_q3
2019,control,email_ab_q3
1097,variant,paid_ab_q3
830,variant,paid_ab_q3
2806,variant,email_ab_q3
3830,control,email_ab_q3
4382,control,email_ab_q3
3892,variant,paid_ab_q3
765,control,email_ab_q3
2768,control,paid_ab_q3
4329,control,email_ab_q3
3296,variant,paid_ab_q3
2195,control,paid_ab_q3
2358,variant,email_ab_q3
3426,variant,email_ab_q3
3980,control,email_ab_q3
912,variant,paid_ab_q3
3146,control,paid_ab_q3
1000,variant,email_ab_q3
3654,variant,paid_ab_q3
2484,control,email_ab_q3
4077,variant,paid_ab_q3
2371,variant,email_ab_q3
4839,control,paid_ab_q3
34,control,email_ab_q3
3790,variant,email_ab_q3
1021,variant,email_ab_q3
1648,control,paid_ab_q3
734,variant,paid_ab_q3
4583,variant,paid_ab_q3
3275,variant,paid_ab_q3
1621,variant,email_ab_q3
3136,control,email_ab_q3
2690,control,paid_ab_q3
2708,control,email_ab_q3
298,variant,paid_ab_q3
2340,control,email_ab_q3
654,control,paid_ab_q3
3775,variant,paid_ab_q3
1256,variant,email_ab_q3
4521,variant,paid_ab_q3
231,control,email_ab_q3
3277,variant,paid_ab_q3
3231,control,email_ab_q3
692,control,paid_ab_q3
2755,variant,paid_ab_q3
4864,control,paid_ab_q3
970,control,paid_ab_q3
634,control,paid_ab_q3
4093,variant,paid_ab_q3
4078,variant,email_ab_q3
1322,variant,email_ab_q3
1832,variant,email_ab_q3
2179,control,paid_ab_q3
1418,control,email_ab_q3
1783,variant,paid_ab_q3
4716,control,paid_ab_q3
4702,control,paid_ab_q3
4119,control,email_ab_q3
1653,control,email_ab_q3
1484,variant,email_ab_q3
2276,variant,email_ab_q3
878,variant,email_ab_q3
3526,control,paid_ab_q3
2017,variant,paid_ab_q3
427,variant,email_ab_q3
627,control,email_ab_q3
1590,control,paid_ab_q3
2224,variant,paid_ab_q3
2218,control,paid_ab_q3
4484,control,paid_ab_q3
1486,control,paid_ab_q3
1740,control,paid_ab_q3
2481,variant,email_ab_q3
2585,variant,paid_ab_q3
2894,variant,paid_ab_q3
150,control,email_ab_q3
677,control,email_ab_q3
1262,control,paid_ab_q3
4918,variant,paid_ab_q3
13,control,email_ab_q3
1834,control,paid_ab_q3
3249,variant,email_ab_q3
1492,variant,email_ab_q3
2728,control,paid_ab_q3
3687,variant,email_ab_q3
1425,control,paid_ab_q3
4606,variant,paid_ab_q3
4596,control,email_ab_q3
732,variant,email_ab_q3
1232,variant,paid_ab_q3
1635,control,email_ab_q3
3937,variant,paid_ab_q3
1211,variant,paid_ab_q3
3269,variant,email_ab_q3
1935,variant,paid_ab_q3
554,variant,email_ab_q3
492,variant,paid_ab_q3
2963,variant,email_ab_q3
2330,variant,email_ab_q3
2196,variant,email_ab_q3
3065,variant,email_ab_q3
658,control,paid_ab_q3
2375,variant,paid_ab_q3
2226,control,email_ab_q3
4265,variant,email_ab_q3
1171,control,paid_ab_q3
133,control,email_ab_q3
472,control,paid_ab_q3
3226,control,email_ab_q3
1406,control,email_ab_q3
2877,control,email_ab_q3
4505,control,email_ab_q3
4693,variant,email_ab_q3
2827,variant,paid_ab_q3
288,control,email_ab_q3
1870,variant,email_ab_q3
3115,variant,paid_ab_q3
3626,control,paid_ab_q3
2313,control,email_ab_q3
4924,control,email_ab_q3
1619,variant,paid_ab_q3
995,control,paid_ab_q3
1804,variant,paid_ab_q3
2643,control,paid_ab_q3
4803,variant,paid_ab_q3
3536,variant,email_ab_q3
4832,control,paid_ab_q3
3912,variant,email_ab_q3
2108,variant,paid_ab_q3
3045,control,paid_ab_q3
417,control,paid_ab_q3
978,variant,email_ab_q3
2418,variant,email_ab_q3
506,control,paid_ab_q3
4153,variant,paid_ab_q3
4256,control,paid_ab_q3
3942,control,paid_ab_q3
415,variant,paid_ab_q3
4149,control,email_ab_q3
1184,variant,paid_ab_q3
486,variant,email_ab_q3
894,control,paid_ab_q3
806,variant,paid_ab_q3
556,variant,email_ab_q3
3826,variant,paid_ab_q3
1198,variant,paid_ab_q3
4254,control,email_ab_q3
4059,variant,paid_ab_q3
1294,control,email_ab_q3
2222,control,email_ab_q3
3505,variant,paid_ab_q3
3655,variant,paid_ab_q3
4759,control,paid_ab_q3
3007,variant,email_ab_q3
2094,variant,paid_ab_q3
2188,control,email_ab_q3
3037,control,paid_ab_q3
3919,control,email_ab_q3
1273,variant,paid_ab_q3
291,variant,paid_ab_q3
4828,variant,paid_ab_q3
253,control,paid_ab_q3
3246,variant,email_ab_q3
351,variant,email_ab_q3
1188,control,paid_ab_q3
1962,variant,email_ab_q3
423,variant,email_ab_q3
91,variant,email_ab_q3
3730,control,email_ab_q3
2237,control,email_ab_q3
671,variant,paid_ab_q3
3041,variant,paid_ab_q3
27,variant,email_ab_q3
430,variant,email_ab_q3
684,variant,paid_ab_q3
4464,control,paid_ab_q3
3946,control,paid_ab_q3
3524,variant,email_ab_q3
1542,control,email_ab_q3
2032,control,email_ab_q3
2233,control,email_ab_q3
4121,control,email_ab_q3
3236,variant,paid_ab_q3
255,control,email_ab_q3
1030,control,email_ab_q3
4393,variant,paid_ab_q3
3801,variant,paid_ab_q3
4311,variant,email_ab_q3
2510,control,email_ab_q3
2293,variant,paid_ab_q3
1324,variant,paid_ab_q3
1551,control,paid_ab_q3
4648,variant,email_ab_q3
316,control,email_ab_q3
1243,control,email_ab_q3
2451,control,email_ab_q3
1579,control,paid_ab_q3
4626,control,email_ab_q3
3117,variant,email_ab_q3
70,variant,paid_ab_q3
860,variant,paid_ab_q3
2754,variant,paid_ab_q3
1633,control,email_ab_q3
1651,variant,email_ab_q3
3861,control,email_ab_q3
3107,control,email_ab_q3
1075,variant,paid_ab_q3
4002,variant,email_ab_q3
788,control,paid_ab_q3
2606,variant,paid_ab_q3
3631,control,email_ab_q3
2122,variant,paid_ab_q3
1875,variant,paid_ab_q3
812,control,email_ab_q3
388,control,paid_ab_q3
2883,control,email_ab_q3
1176,control,email_ab_q3
3198,variant,email_ab_q3
2624,control,paid_ab_q3
1352,variant,email_ab_q3
411,control,paid_ab_q3
4213,control,email_ab_q3
110,variant,paid_ab_q3
4996,control,email_ab_q3
3430,variant,email_ab_q3
2810,control,email_ab_q3
2595,control,paid_ab_q3
2837,control,paid_ab_q3
2373,variant,email_ab_q3
1236,variant,email_ab_q3
2147,variant,paid_ab_q3
4976,variant,email_ab_q3
600,variant,email_ab_q3
1435,control,paid_ab_q3
4997,control,paid_ab_q3
539,variant,paid_ab_q3
722,control,paid_ab_q3
4411,control,paid_ab_q3
1873,variant,email_ab_q3
2846,control,email_ab_q3
2054,variant,email_ab_q3
2908,control,paid_ab_q3
2255,control,email_ab_q3
3913,variant,paid_ab_q3
178,variant,email_ab_q3
2891,variant,email_ab_q3
3674,variant,paid_ab_q3
81,control,paid_ab_q3
2562,control,paid_ab_q3
1724,variant,paid_ab_q3
1618,variant,email_ab_q3
1655,control,email_ab_q3
2329,variant,email_ab_q3
4614,control,email_ab_q3
222,variant,email_ab_q3
94,variant,paid_ab_q3
2610,control,paid_ab_q3
3383,control,paid_ab_q3
4416,control,paid_ab_q3
1398,variant,email_ab_q3
4687,control,email_ab_q3
1293,variant,email_ab_q3
2165,control,paid_ab_q3
2940,variant,paid_ab_q3
3669,control,email_ab_q3
813,control,email_ab_q3
1259,variant,paid_ab_q3
890,control,email_ab_q3
1452,control,paid_ab_q3
3317,variant,paid_ab_q3
2560,variant,email_ab_q3
3575,control,email_ab_q3
2681,variant,paid_ab_q3
4652,variant,paid_ab_q3
4812,variant,paid_ab_q3
4680,control,paid_ab_q3
2965,variant,paid_ab_q3
2673,control,email_ab_q3
562,variant,paid_ab_q3
2779,variant,email_ab_q3
2949,control,email_ab_q3
2818,variant,paid_ab_q3
2759,variant,paid_ab_q3
1757,control,email_ab_q3
725,control,email_ab_q3
220,variant,paid_ab_q3
4140,control,paid_ab_q3
3958,variant,email_ab_q3
1589,control,paid_ab_q3
3348,control,paid_ab_q3
3971,variant,email_ab_q3
4708,variant,paid_ab_q3
44,control,paid_ab_q3
3002,variant,email_ab_q3
211,control,email_ab_q3
678,variant,paid_ab_q3
355,variant,paid_ab_q3
1434,control,email_ab_q3
950,control,paid_ab_q3
2844,variant,email_ab_q3
578,variant,paid_ab_q3
3929,control,email_ab_q3
545,control,email_ab_q3
368,control,email_ab_q3
1613,variant,email_ab_q3
3551,variant,email_ab_q3
3717,control,paid_ab_q3
3780,control,paid_ab_q3
136,control,email_ab_q3
4481,control,email_ab_q3
1438,variant,paid_ab_q3
48,variant,email_ab_q3
1361,variant,email_ab_q3
735,control,paid_ab_q3
1535,control,email_ab_q3
2005,variant,email_ab_q3
3796,variant,email_ab_q3
2520,control,paid_ab_q3
1973,control,email_ab_q3
997,control,email_ab_q3
62,variant,email_ab_q3
1109,variant,email_ab_q3
2406,variant,email_ab_q3
96,variant,paid_ab_q3
479,variant,email_ab_q3
4360,variant,paid_ab_q3
4113,variant,paid_ab_q3
3708,variant,paid_ab_q3
1102,control,paid_ab_q3
2747,control,paid_ab_q3
2171,control,paid_ab_q3
323,control,paid_ab_q3
4255,control,paid_ab_q3
3143,variant,paid_ab_q3
3538,control,email_ab_q3
4926,variant,paid_ab_q3
2925,control,email_ab_q3
1150,control,email_ab_q3
3618,control,paid_ab_q3
292,control,paid_ab_q3
3750,variant,paid_ab_q3
3587,variant,email_ab_q3
534,variant,email_ab_q3
3608,control,paid_ab_q3
2649,control,paid_ab_q3
4811,control,email_ab_q3
1984,variant,paid_ab_q3
2933,control,paid_ab_q3
1537,control,email_ab_q3
4535,variant,email_ab_q3
4173,variant,paid_ab_q3
3361,variant,paid_ab_q3
3666,variant,email_ab_q3
4006,control,email_ab_q3
3627,control,email_ab_q3
587,variant,email_ab_q3
3257,control,email_ab_q3
2299,variant,paid_ab_q3
3989,control,paid_ab_q3
585,control,paid_ab_q3
2424,control,paid_ab_q3
1392,variant,paid_ab_q3
4526,variant,email_ab_q3
4921,control,paid_ab_q3
4801,control,paid_ab_q3
3241,variant,paid_ab_q3
4282,variant,paid_ab_q3
3339,variant,paid_ab_q3
3221,variant,paid_ab_q3
2112,variant,email_ab_q3
1175,control,paid_ab_q3
4863,control,email_ab_q3
3812,variant,paid_ab_q3
1868,variant,paid_ab_q3
2615,variant,email_ab_q3
3867,variant,paid_ab_q3
4886,variant,email_ab_q3
3779,variant,email_ab_q3
3847,control,paid_ab_q3
2417,control,email_ab_q3
71,control,email_ab_q3
4881,control,email_ab_q3
1127,control,paid_ab_q3
4025,variant,paid_ab_q3
3251,control,email_ab_q3
3902,control,paid_ab_q3
1096,variant,email_ab_q3
4546,variant,paid_ab_q3
1213,variant,paid_ab_q3
3922,variant,email_ab_q3
1426,control,email_ab_q3
3067,control,email_ab_q3
4520,variant,paid_ab_q3
2101,variant,paid_ab_q3
808,variant,email_ab_q3
4744,variant,paid_ab_q3
3751,variant,email_ab_q3
1363,control,paid_ab_q3
2318,control,paid_ab_q3
4582,control,paid_ab_q3
4742,control,email_ab_q3
1026,variant,paid_ab_q3
3110,variant,paid_ab_q3
2111,control,email_ab_q3
1042,control,email_ab_q3
1877,control,email_ab_q3
882,variant,email_ab_q3
4300,variant,email_ab_q3
1193,variant,paid_ab_q3
4588,variant,email_ab_q3
4511,variant,email_ab_q3
3671,variant,email_ab_q3
625,control,email_ab_q3
2797,control,paid_ab_q3
4292,variant,email_ab_q3
4969,control,paid_ab_q3
234,control,email_ab_q3
4567,control,email_ab_q3
1663,control,email_ab_q3
416,variant,email_ab_q3
4247,variant,email_ab_q3
2174,control,paid_ab_q3
1457,variant,email_ab_q3
747,variant,email_ab_q3
18,control,email_ab_q3
1201,variant,paid_ab_q3
1700,variant,paid_ab_q3
3254,control,email_ab_q3
597,variant,paid_ab_q3
3227,variant,paid_ab_q3
4406,variant,email_ab_q3
4720,variant,paid_ab_q3
1506,variant,email_ab_q3
1413,control,paid_ab_q3
1966,control,paid_ab_q3
372,control,email_ab_q3
1341,control,email_ab_q3
599,control,email_ab_q3
239,control,paid_ab_q3
3401,variant,email_ab_q3
2068,variant,paid_ab_q3
811,control,email_ab_q3
1095,control,email_ab_q3
4325,variant,paid_ab_q3
4761,variant,paid_ab_q3
3677,variant,paid_ab_q3
3465,control,paid_ab_q3
3104,control,paid_ab_q3
2750,variant,paid_ab_q3
2296,control,email_ab_q3
4193,control,paid_ab_q3
3709,variant,email_ab_q3
3019,variant,paid_ab_q3
4253,variant,email_ab_q3
804,variant,email_ab_q3
4191,variant,paid_ab_q3
3706,variant,paid_ab_q3
752,variant,paid_ab_q3
4645,variant,paid_ab_q3
2532,control,paid_ab_q3
622,control,email_ab_q3
2298,control,paid_ab_q3
3829,variant,email_ab_q3
567,control,email_ab_q3
1136,control,paid_ab_q3
1205,variant,email_ab_q3
1048,control,paid_ab_q3
52,variant,paid_ab_q3
3652,control,paid_ab_q3
1045,control,email_ab_q3
2182,variant,email_ab_q3
2689,control,paid_ab_q3
535,control,email_ab_q3
3185,control,email_ab_q3
3858,variant,email_ab_q3
444,control,email_ab_q3
3605,variant,paid_ab_q3
196,control,paid_ab_q3
1116,control,paid_ab_q3
766,control,paid_ab_q3
1946,variant,paid_ab_q3
3248,variant,email_ab_q3
3003,variant,paid_ab_q3
1433,variant,paid_ab_q3
4201,control,paid_ab_q3
3096,variant,paid_ab_q3
2923,control,paid_ab_q3
645,variant,paid_ab_q3
1050,variant,email_ab_q3
3746,control,paid_ab_q3
4094,variant,email_ab_q3
4404,control,email_ab_q3
121,variant,email_ab_q3
2053,control,paid_ab_q3
4259,control,paid_ab_q3
4889,variant,email_ab_q3
4335,control,paid_ab_q3
4692,control,email_ab_q3
135,control,paid_ab_q3
2461,variant,paid_ab_q3
1955,variant,paid_ab_q3
2464,variant,paid_ab_q3
185,variant,email_ab_q3
1393,control,email_ab_q3
2277,variant,email_ab_q3
512,variant,email_ab_q3
4730,control,paid_ab_q3
4055,control,email_ab_q3
3138,control,paid_ab_q3
2670,control,email_ab_q3
4774,control,paid_ab_q3
4862,variant,paid_ab_q3
2118,control,email_ab_q3
252,control,email_ab_q3
3527,variant,email_ab_q3
3560,control,paid_ab_q3
4012,control,email_ab_q3
1508,control,paid_ab_q3
123,variant,email_ab_q3
4260,control,paid_ab_q3
3334,variant,paid_ab_q3
1872,variant,paid_ab_q3
3693,variant,paid_ab_q3
568,variant,email_ab_q3
1372,variant,paid_ab_q3
3186,control,paid_ab_q3
3956,variant,email_ab_q3
1057,variant,paid_ab_q3
857,control,email_ab_q3
3839,control,paid_ab_q3
2861,variant,email_ab_q3
4770,variant,email_ab_q3
777,variant,paid_ab_q3
721,control,paid_ab_q3
2711,control,email_ab_q3
2655,variant,email_ab_q3
4878,variant,email_ab_q3
603,variant,email_ab_q3
3823,control,email_ab_q3
1245,control,email_ab_q3
4846,control,paid_ab_q3
4842,control,paid_ab_q3
319,variant,paid_ab_q3
829,variant,email_ab_q3
3264,control,paid_ab_q3
275,variant,paid_ab_q3
2665,control,paid_ab_q3
550,variant,paid_ab_q3
3642,control,email_ab_q3
4054,variant,paid_ab_q3
4893,control,paid_ab_q3
2935,variant,email_ab_q3
606,control,email_ab_q3
897,control,email_ab_q3
528,variant,paid_ab_q3
4608,variant,paid_ab_q3
2348,control,email_ab_q3
3440,control,paid_ab_q3
4999,control,paid_ab_q3
4827,control,email_ab_q3
3923,control,email_ab_q3
299,variant,paid_ab_q3
2120,control,email_ab_q3
2537,control,paid_ab_q3
4204,control,paid_ab_q3
3255,variant,paid_ab_q3
3726,control,paid_ab_q3
1261,variant,email_ab_q3
1559,control,paid_ab_q3
3270,control,paid_ab_q3
4047,control,paid_ab_q3
757,variant,email_ab_q3
1011,variant,email_ab_q3
2795,control,email_ab_q3
2906,variant,email_ab_q3
1871,variant,email_ab_q3
2230,variant,email_ab_q3
1174,variant,email_ab_q3
1833,variant,email_ab_q3
377,control,email_ab_q3
3854,variant,paid_ab_q3
3617,control,paid_ab_q3
799,variant,paid_ab_q3
379,variant,paid_ab_q3
1159,variant,paid_ab_q3
3820,variant,paid_ab_q3
2793,control,email_ab_q3
2241,control,email_ab_q3
4036,variant,paid_ab_q3
2663,variant,paid_ab_q3
4013,variant,email_ab_q3
2958,control,paid_ab_q3
3928,variant,email_ab_q3
1039,variant,paid_ab_q3
3260,variant,email_ab_q3
1345,control,paid_ab_q3
2506,control,email_ab_q3
1722,control,paid_ab_q3
4664,control,email_ab_q3
176,variant,paid_ab_q3
4894,variant,paid_ab_q3
1910,variant,email_ab_q3
46,variant,paid_ab_q3
3410,control,paid_ab_q3
4675,control,email_ab_q3
1076,control,paid_ab_q3
2830,control,paid_ab_q3
1505,control,email_ab_q3
2310,variant,paid_ab_q3
1437,variant,email_ab_q3
2419,variant,email_ab_q3
3987,variant,email_ab_q3
3099,variant,paid_ab_q3
4589,control,paid_ab_q3
284,control,email_ab_q3
4919,variant,email_ab_q3
843,control,paid_ab_q3
1514,variant,email_ab_q3
1169,control,email_ab_q3
1593,variant,email_ab_q3
3461,variant,email_ab_q3
3166,variant,paid_ab_q3
2285,control,paid_ab_q3
3576,variant,paid_ab_q3
4871,variant,email_ab_q3
2306,control,paid_ab_q3
953,control,email_ab_q3
4943,control,paid_ab_q3
3054,control,email_ab_q3
4560,control,email_ab_q3
2686,variant,paid_ab_q3
1490,variant,paid_ab_q3
928,variant,email_ab_q3
1210,control,email_ab_q3
3974,variant,paid_ab_q3
3546,control,email_ab_q3
4362,control,paid_ab_q3
1922,variant,paid_ab_q3
352,variant,paid_ab_q3
4899,control,email_ab_q3
3394,variant,paid_ab_q3
2722,control,paid_ab_q3
4982,control,email_ab_q3
719,control,email_ab_q3
2703,control,paid_ab_q3
2723,control,email_ab_q3
4562,variant,email_ab_q3
309,variant,email_ab_q3
1676,control,email_ab_q3
834,control,paid_ab_q3
367,control,email_ab_q3
4507,control,email_ab_q3
2079,control,paid_ab_q3
4039,control,paid_ab_q3
4847,control,paid_ab_q3
4480,control,paid_ab_q3
1747,control,paid_ab_q3
20,variant,paid_ab_q3
1323,variant,email_ab_q3
3568,variant,paid_ab_q3
2522,control,paid_ab_q3
219,control,paid_ab_q3
1488,variant,paid_ab_q3
439,control,email_ab_q3
4175,control,paid_ab_q3
2751,variant,paid_ab_q3
3289,control,paid_ab_q3
3434,variant,paid_ab_q3
2526,control,email_ab_q3
4651,control,paid_ab_q3
3689,variant,email_ab_q3
2764,variant,email_ab_q3
803,control,paid_ab_q3
2998,variant,email_ab_q3
2229,control,email_ab_q3
4786,control,paid_ab_q3
2078,variant,paid_ab_q3
583,variant,paid_ab_q3
204,variant,email_ab_q3
4347,variant,email_ab_q3
3479,control,email_ab_q3
2930,variant,paid_ab_q3
3086,control,email_ab_q3
1019,variant,paid_ab_q3
1584,variant,email_ab_q3
1033,control,paid_ab_q3
1719,variant,email_ab_q3
1282,control,paid_ab_q3
2499,control,paid_ab_q3
3351,control,paid_ab_q3
518,control,paid_ab_q3
1748,variant,email_ab_q3
4653,control,email_ab_q3
3733,control,email_ab_q3
669,variant,email_ab_q3
4060,variant,email_ab_q3
3027,variant,paid_ab_q3
4933,variant,email_ab_q3
3287,control,email_ab_q3
2651,control,email_ab_q3
4454,variant,paid_ab_q3
3193,variant,paid_ab_q3
2125,variant,email_ab_q3
3376,control,email_ab_q3
3393,variant,email_ab_q3
3486,control,email_ab_q3
760,control,paid_ab_q3
3380,variant,email_ab_q3
4441,variant,paid_ab_q3
2527,variant,paid_ab_q3
4859,variant,email_ab_q3
908,control,email_ab_q3
2684,variant,email_ab_q3
215,variant,email_ab_q3
3332,control,email_ab_q3
4459,control,paid_ab_q3
694,control,paid_ab_q3
1504,variant,email_ab_q3
2415,variant,paid_ab_q3
2119,control,paid_ab_q3
3859,variant,email_ab_q3
2463,variant,email_ab_q3
3636,variant,email_ab_q3
4106,variant,email_ab_q3
4479,variant,paid_ab_q3
197,variant,paid_ab_q3
4668,variant,email_ab_q3
1544,variant,email_ab_q3
1331,control,email_ab_q3
880,variant,email_ab_q3
4503,variant,email_ab_q3
3502,variant,paid_ab_q3
3895,variant,email_ab_q3
4991,variant,paid_ab_q3
888,control,email_ab_q3
1346,control,paid_ab_q3
69,control,paid_ab_q3
4211,variant,paid_ab_q3
1816,control,paid_ab_q3
569,variant,email_ab_q3
2168,variant,email_ab_q3
97,control,paid_ab_q3
4182,variant,email_ab_q3
3354,variant,email_ab_q3
140,control,email_ab_q3
4955,control,paid_ab_q3
2603,variant,paid_ab_q3
4024,variant,email_ab_q3
4773,variant,email_ab_q3
1607,control,email_ab_q3
1630,variant,email_ab_q3
1540,variant,paid_ab_q3
1695,control,email_ab_q3
2060,variant,email_ab_q3
464,variant,paid_ab_q3
2331,control,paid_ab_q3
3044,variant,email_ab_q3
4735,control,paid_ab_q3
595,control,email_ab_q3
3815,variant,email_ab_q3
626,control,paid_ab_q3
451,control,paid_ab_q3
1500,control,paid_ab_q3
2457,control,paid_ab_q3
4723,control,paid_ab_q3
2985,variant,paid_ab_q3
1570,control,paid_ab_q3
1035,control,email_ab_q3
3519,variant,email_ab_q3
1558,control,email_ab_q3
3625,control,email_ab_q3
4665,variant,email_ab_q3
151,control,email_ab_q3
1421,variant,paid_ab_q3
2012,variant,email_ab_q3
2687,variant,email_ab_q3
1787,variant,email_ab_q3
89,control,email_ab_q3
458,variant,paid_ab_q3
1306,control,email_ab_q3
2926,control,paid_ab_q3
3271,control,email_ab_q3
3228,variant,email_ab_q3
1989,control,paid_ab_q3
3755,control,email_ab_q3
3647,variant,paid_ab_q3
832,variant,paid_ab_q3
240,variant,paid_ab_q3
4682,control,paid_ab_q3
3023,variant,paid_ab_q3
3149,variant,paid_ab_q3
1947,control,email_ab_q3
2776,control,paid_ab_q3
193,control,email_ab_q3
4850,control,email_ab_q3
4940,variant,paid_ab_q3
945,control,email_ab_q3
1269,variant,email_ab_q3
4232,control,email_ab_q3
2308,control,paid_ab_q3
4425,control,email_ab_q3
4712,control,email_ab_q3
2314,variant,paid_ab_q3
3215,variant,paid_ab_q3
2733,variant,email_ab_q3
1927,variant,paid_ab_q3
4228,variant,paid_ab_q3
4677,variant,paid_ab_q3
801,control,email_ab_q3
3672,control,email_ab_q3
4194,variant,paid_ab_q3
2969,variant,email_ab_q3
4794,control,email_ab_q3
4369,variant,email_ab_q3
2777,variant,paid_ab_q3
2971,control,email_ab_q3
3868,variant,paid_ab_q3
1744,variant,paid_ab_q3
3949,control,email_ab_q3
3803,control,email_ab_q3
2025,control,paid_ab_q3
2275,control,email_ab_q3
100,control,email_ab_q3
4922,control,email_ab_q3
3408,variant,email_ab_q3
4246,control,paid_ab_q3
4620,variant,email_ab_q3
4917,control,email_ab_q3
192,variant,paid_ab_q3
4697,variant,email_ab_q3
1785,control,email_ab_q3
1533,control,paid_ab_q3
2835,control,email_ab_q3
4445,variant,paid_ab_q3
4916,control,email_ab_q3
1599,variant,email_ab_q3
1780,control,paid_ab_q3
4901,variant,paid_ab_q3
2575,control,email_ab_q3
3399,control,paid_ab_q3
3976,variant,email_ab_q3
3771,variant,paid_ab_q3
167,variant,email_ab_q3
1752,variant,email_ab_q3
1480,variant,paid_ab_q3
1025,variant,paid_ab_q3
1789,variant,paid_ab_q3
2265,variant,email_ab_q3
2474,control,email_ab_q3
1823,control,email_ab_q3
1221,control,email_ab_q3
1667,variant,paid_ab_q3
2961,variant,email_ab_q3
153,variant,paid_ab_q3
2535,variant,paid_ab_q3
4689,control,email_ab_q3
1979,variant,paid_ab_q3
1470,control,email_ab_q3
2808,control,email_ab_q3
2513,variant,paid_ab_q3
2944,variant,paid_ab_q3
2981,variant,paid_ab_q3
4823,variant,email_ab_q3
3018,control,email_ab_q3
1567,variant,email_ab_q3
32,variant,paid_ab_q3
938,variant,paid_ab_q3
1216,control,paid_ab_q3
1938,variant,email_ab_q3
1130,variant,email_ab_q3
310,control,email_ab_q3
4902,control,paid_ab_q3
2169,variant,email_ab_q3
3114,control,paid_ab_q3
496,control,email_ab_q3
206,variant,paid_ab_q3
2674,control,email_ab_q3
3358,variant,paid_ab_q3
3831,variant,email_ab_q3
306,control,email_ab_q3
3794,variant,email_ab_q3
2202,control,paid_ab_q3
1062,control,paid_ab_q3
844,variant,email_ab_q3
3873,control,email_ab_q3
2252,control,paid_ab_q3
212,variant,paid_ab_q3
3998,variant,email_ab_q3
680,variant,email_ab_q3
566,variant,paid_ab_q3
3291,variant,paid_ab_q3
4355,variant,paid_ab_q3
681,control,email_ab_q3
181,control,email_ab_q3
4280,variant,email_ab_q3
2496,variant,paid_ab_q3
2317,variant,paid_ab_q3
4274,control,paid_ab_q3
279,variant,email_ab_q3
3684,variant,paid_ab_q3
4763,control,email_ab_q3
433,variant,email_ab_q3
290,control,email_ab_q3
1028,variant,email_ab_q3
536,control,paid_ab_q3
3632,variant,paid_ab_q3
189,variant,paid_ab_q3
2175,variant,email_ab_q3
3916,variant,paid_ab_q3
1863,control,email_ab_q3
271,control,paid_ab_q3
1729,variant,paid_ab_q3
4076,control,paid_ab_q3
2158,control,paid_ab_q3
3932,variant,paid_ab_q3
112,variant,email_ab_q3
2385,control,email_ab_q3
221,variant,email_ab_q3
628,variant,paid_ab_q3
1182,control,paid_ab_q3
3382,variant,paid_ab_q3
2423,control,email_ab_q3
791,variant,paid_ab_q3
4276,variant,paid_ab_q3
462,control,email_ab_q3
4403,control,paid_ab_q3
552,variant,email_ab_q3
3130,variant,email_ab_q3
1445,control,paid_ab_q3
199,variant,paid_ab_q3
2590,variant,paid_ab_q3
403,control,paid_ab_q3
3960,variant,email_ab_q3
4190,variant,email_ab_q3
4764,control,email_ab_q3
2096,control,paid_ab_q3
2901,variant,paid_ab_q3
4463,variant,email_ab_q3
651,variant,paid_ab_q3
709,control,email_ab_q3
1481,control,paid_ab_q3
4415,variant,email_ab_q3
3066,control,paid_ab_q3
2396,variant,email_ab_q3
1770,control,email_ab_q3
315,control,email_ab_q3
3762,control,email_ab_q3
4910,variant,email_ab_q3
114,control,email_ab_q3
961,control,paid_ab_q3
2911,control,paid_ab_q3
3406,control,paid_ab_q3
1624,variant,paid_ab_q3
3323,control,paid_ab_q3
5000,variant,paid_ab_q3
1819,variant,paid_ab_q3
3195,control,email_ab_q3
3008,control,paid_ab_q3
3415,variant,paid_ab_q3
4529,variant,paid_ab_q3
1898,control,email_ab_q3
1919,variant,email_ab_q3
1271,variant,email_ab_q3
4177,variant,email_ab_q3
4963,control,paid_ab_q3
4884,variant,paid_ab_q3
4095,variant,email_ab_q3
3160,control,email_ab_q3
1814,variant,email_ab_q3
2427,control,email_ab_q3
3951,control,paid_ab_q3
4429,control,paid_ab_q3
2143,control,paid_ab_q3
1627,control,paid_ab_q3
790,control,email_ab_q3
3787,variant,email_ab_q3
1865,control,email_ab_q3
2866,variant,email_ab_q3
872,control,paid_ab_q3
3272,variant,email_ab_q3
3834,variant,email_ab_q3
74,control,paid_ab_q3
1753,control,paid_ab_q3
1422,control,paid_ab_q3
4222,variant,paid_ab_q3
4694,control,email_ab_q3
4370,control,email_ab_q3
4576,control,email_ab_q3
3810,variant,paid_ab_q3
2245,variant,email_ab_q3
3048,variant,email_ab_q3
2446,control,email_ab_q3
495,control,paid_ab_q3
3131,variant,paid_ab_q3
4322,variant,email_ab_q3
4398,variant,paid_ab_q3
1165,variant,paid_ab_q3
3735,variant,email_ab_q3
1731,variant,email_ab_q3
4813,control,email_ab_q3
2403,control,email_ab_q3
3404,variant,paid_ab_q3
619,control,email_ab_q3
1698,control,paid_ab_q3
3594,control,email_ab_q3
1958,control,email_ab_q3
1222,variant,paid_ab_q3
2074,control,paid_ab_q3
3411,control,email_ab_q3
870,variant,email_ab_q3
2719,variant,paid_ab_q3
1043,control,paid_ab_q3
1362,variant,email_ab_q3
357,variant,paid_ab_q3
1163,variant,email_ab_q3
2766,variant,email_ab_q3
3253,variant,paid_ab_q3
1439,control,email_ab_q3
3604,variant,paid_ab_q3
4941,variant,paid_ab_q3
4594,control,email_ab_q3
3640,variant,email_ab_q3
1254,variant,paid_ab_q3
3366,control,paid_ab_q3
333,control,paid_ab_q3
3695,control,email_ab_q3
3569,variant,email_ab_q3
2729,control,email_ab_q3
3668,variant,paid_ab_q3
1631,variant,email_ab_q3
1117,control,email_ab_q3
1850,control,email_ab_q3
3555,control,email_ab_q3
3154,control,paid_ab_q3
3266,control,paid_ab_q3
1666,control,email_ab_q3
446,variant,paid_ab_q3
2246,variant,email_ab_q3
453,control,paid_ab_q3
1552,control,email_ab_q3
4435,control,email_ab_q3
2955,control,paid_ab_q3
15,variant,paid_ab_q3
3629,control,paid_ab_q3
946,variant,email_ab_q3
248,control,paid_ab_q3
4698,control,email_ab_q3
361,control,email_ab_q3
4657,variant,paid_ab_q3
1615,control,paid_ab_q3
2304,variant,email_ab_q3
4142,variant,email_ab_q3
3169,control,paid_ab_q3
2479,control,email_ab_q3
4215,control,paid_ab_q3
4181,variant,email_ab_q3
4885,variant,paid_ab_q3
3164,control,paid_ab_q3
491,control,paid_ab_q3
863,control,email_ab_q3
1741,variant,email_ab_q3
4100,variant,paid_ab_q3
4386,control,email_ab_q3
2448,control,email_ab_q3
4231,control,paid_ab_q3
507,control,email_ab_q3
2678,control,paid_ab_q3
2996,variant,paid_ab_q3
1943,variant,paid_ab_q3
1223,variant,paid_ab_q3
1114,control,paid_ab_q3
1906,variant,email_ab_q3
3424,variant,paid_ab_q3
1878,control,email_ab_q3
4673,variant,paid_ab_q3
434,variant,paid_ab_q3
2365,variant,paid_ab_q3
3155,variant,paid_ab_q3
2836,control,paid_ab_q3
2093,control,paid_ab_q3
3011,control,paid_ab_q3
3163,variant,email_ab_q3
2946,variant,email_ab_q3
3917,control,paid_ab_q3
2917,variant,email_ab_q3
1103,control,email_ab_q3
1449,variant,email_ab_q3
1721,control,paid_ab_q3
4519,variant,paid_ab_q3
3843,variant,email_ab_q3
157,variant,email_ab_q3
2979,control,paid_ab_q3
1774,variant,email_ab_q3
616,variant,email_ab_q3
644,control,paid_ab_q3
1936,control,paid_ab_q3
4278,variant,email_ab_q3
1069,variant,paid_ab_q3
4455,variant,paid_ab_q3
4155,control,paid_ab_q3
4240,variant,paid_ab_q3
4869,variant,email_ab_q3
331,control,paid_ab_q3
2058,control,paid_ab_q3
2647,control,email_ab_q3
2192,variant,paid_ab_q3
623,variant,email_ab_q3
1596,control,paid_ab_q3
2916,variant,email_ab_q3
4822,variant,email_ab_q3
3899,variant,paid_ab_q3
1920,control,paid_ab_q3
4174,variant,paid_ab_q3
4478,control,paid_ab_q3
756,control,paid_ab_q3
519,control,paid_ab_q3
3804,control,email_ab_q3
33,control,email_ab_q3
2938,variant,paid_ab_q3
1158,control,email_ab_q3
745,control,paid_ab_q3
1498,control,email_ab_q3
3460,variant,email_ab_q3
3756,variant,email_ab_q3
2592,control,paid_ab_q3
784,control,email_ab_q3
3494,variant,email_ab_q3
2950,control,paid_ab_q3
230,variant,paid_ab_q3
858,control,paid_ab_q3
2267,control,email_ab_q3
4275,control,email_ab_q3
409,control,paid_ab_q3
171,control,email_ab_q3
541,variant,email_ab_q3
2211,control,email_ab_q3
2305,control,email_ab_q3
2568,variant,paid_ab_q3
614,variant,paid_ab_q3
2102,control,paid_ab_q3
1809,control,paid_ab_q3
3439,variant,paid_ab_q3
1162,variant,paid_ab_q3
4226,control,email_ab_q3
3120,variant,paid_ab_q3
3653,variant,email_ab_q3
1611,control,email_ab_q3
1933,variant,email_ab_q3
3028,control,email_ab_q3
565,control,paid_ab_q3
3572,control,email_ab_q3
4248,control,paid_ab_q3
2389,variant,email_ab_q3
1472,control,paid_ab_q3
2631,variant,paid_ab_q3
1836,control,paid_ab_q3
4929,control,email_ab_q3
3476,variant,paid_ab_q3
1534,variant,paid_ab_q3
4328,control,paid_ab_q3
2485,control,email_ab_q3
4208,control,email_ab_q3
1173,control,paid_ab_q3
1428,variant,email_ab_q3
326,variant,paid_ab_q3
1052,control,paid_ab_q3
3320,variant,email_ab_q3
4722,variant,email_ab_q3
3865,variant,paid_ab_q3
2604,variant,paid_ab_q3
1739,control,email_ab_q3
1197,variant,email_ab_q3
621,control,email_ab_q3
1375,variant,paid_ab_q3
2880,control,paid_ab_q3
1190,variant,email_ab_q3
329,control,email_ab_q3
649,control,email_ab_q3
898,variant,paid_ab_q3
3883,control,email_ab_q3
1124,control,email_ab_q3
1892,control,paid_ab_q3
4644,control,email_ab_q3
4792,control,paid_ab_q3
4530,control,paid_ab_q3
4235,variant,paid_ab_q3
1594,control,email_ab_q3
3313,control,email_ab_q3
2548,control,paid_ab_q3
1546,variant,email_ab_q3
4337,variant,email_ab_q3
1024,control,email_ab_q3
1972,variant,paid_ab_q3
4989,control,paid_ab_q3
1715,control,paid_ab_q3
1718,control,paid_ab_q3
1478,control,email_ab_q3
810,control,paid_ab_q3
2851,control,email_ab_q3
979,control,paid_ab_q3
4688,control,paid_ab_q3
4896,control,email_ab_q3
1685,variant,email_ab_q3
4661,control,email_ab_q3
1515,variant,paid_ab_q3
2405,control,email_ab_q3
2022,variant,paid_ab_q3
4554,variant,paid_ab_q3
1768,control,email_ab_q3
175,control,email_ab_q3
1555,variant,email_ab_q3
4216,control,paid_ab_q3
1483,control,paid_ab_q3
4462,control,email_ab_q3
218,control,email_ab_q3
3915,control,paid_ab_q3
3721,control,email_ab_q3
691,variant,paid_ab_q3
2578,variant,paid_ab_q3
2234,variant,email_ab_q3
2239,control,email_ab_q3
1107,control,paid_ab_q3
1790,variant,paid_ab_q3
3189,variant,email_ab_q3
2437,control,paid_ab_q3
612,control,paid_ab_q3
3661,control,paid_ab_q3
3712,variant,paid_ab_q3
577,variant,email_ab_q3
2064,control,paid_ab_q3
4436,variant,paid_ab_q3
1181,control,email_ab_q3
889,variant,paid_ab_q3
3129,variant,paid_ab_q3
1733,variant,email_ab_q3
2664,control,paid_ab_q3
818,variant,paid_ab_q3
3278,variant,email_ab_q3
1860,variant,paid_ab_q3
209,variant,email_ab_q3
294,variant,email_ab_q3
1120,control,paid_ab_q3
2214,control,paid_ab_q3
1610,control,email_ab_q3
1265,variant,paid_ab_q3
991,variant,email_ab_q3
4198,variant,paid_ab_q3
1617,variant,email_ab_q3
354,control,paid_ab_q3
4558,control,paid_ab_q3
2023,control,paid_ab_q3
3691,variant,paid_ab_q3
2556,control,paid_ab_q3
3049,control,paid_ab_q3
1229,control,paid_ab_q3
260,control,email_ab_q3
1520,variant,email_ab_q3
1778,control,email_ab_q3
4740,control,paid_ab_q3
1771,variant,email_ab_q3
4354,control,paid_ab_q3
53,variant,paid_ab_q3
3474,variant,paid_ab_q3
4684,control,email_ab_q3
4412,control,email_ab_q3
2410,variant,email_ab_q3
2788,variant,paid_ab_q3
2345,variant,paid_ab_q3
1034,control,paid_ab_q3
1098,control,email_ab_q3
544,control,paid_ab_q3
1047,variant,paid_ab_q3
1895,variant,paid_ab_q3
4377,control,email_ab_q3
31,control,email_ab_q3
726,variant,email_ab_q3
4962,variant,paid_ab_q3
4719,variant,email_ab_q3
3904,control,email_ab_q3
1427,control,email_ab_q3
2498,control,email_ab_q3
437,control,paid_ab_q3
2471,control,paid_ab_q3
913,variant,email_ab_q3
4223,control,paid_ab_q3
4353,variant,paid_ab_q3
4513,control,paid_ab_q3
4444,control,paid_ab_q3
2288,control,paid_ab_q3
4598,control,paid_ab_q3
1239,control,email_ab_q3
904,variant,email_ab_q3
3621,variant,email_ab_q3
3232,variant,paid_ab_q3
2860,control,paid_ab_q3
508,control,email_ab_q3
3222,control,email_ab_q3
184,variant,email_ab_q3
1565,control,paid_ab_q3
2705,control,paid_ab_q3
322,variant,paid_ab_q3
3564,variant,paid_ab_q3
1539,variant,email_ab_q3
1838,control,email_ab_q3
2381,variant,paid_ab_q3
1913,variant,paid_ab_q3
1841,variant,email_ab_q3
2116,variant,email_ab_q3
4438,control,paid_ab_q3
1147,control,paid_ab_q3
2487,variant,paid_ab_q3
45,control,paid_ab_q3
2155,control,paid_ab_q3
1527,variant,email_ab_q3
4856,control,email_ab_q3
1379,control,email_ab_q3
1766,variant,email_ab_q3
3013,control,email_ab_q3
414,variant,paid_ab_q3
4285,variant,paid_ab_q3
1408,control,paid_ab_q3
1659,control,paid_ab_q3
802,control,paid_ab_q3
1289,control,paid_ab_q3
2183,control,paid_ab_q3
2589,variant,email_ab_q3
2616,control,email_ab_q3
2319,control,paid_ab_q3
257,variant,paid_ab_q3
4542,variant,paid_ab_q3
1730,variant,email_ab_q3
1152,control,email_ab_q3
4145,variant,email_ab_q3
648,variant,paid_ab_q3
2909,variant,email_ab_q3
1703,control,email_ab_q3
1882,control,email_ab_q3
3769,control,email_ab_q3
1316,variant,paid_ab_q3
2270,control,email_ab_q3
1967,control,email_ab_q3
2466,control,email_ab_q3
3856,control,email_ab_q3
1351,control,paid_ab_q3
3297,variant,paid_ab_q3
113,control,paid_ab_q3
3134,control,paid_ab_q3
264,variant,paid_ab_q3
1394,control,paid_ab_q3
1879,control,email_ab_q3
1187,variant,paid_ab_q3
3072,variant,email_ab_q3
57,variant,email_ab_q3
1310,control,email_ab_q3
696,control,paid_ab_q3
2953,variant,paid_ab_q3
1727,variant,email_ab_q3
2092,control,email_ab_q3
3870,control,paid_ab_q3
320,control,email_ab_q3
4321,control,email_ab_q3
683,control,paid_ab_q3
3842,control,paid_ab_q3
3214,control,paid_ab_q3
2003,control,paid_ab_q3
4783,variant,email_ab_q3
4151,control,email_ab_q3
287,control,email_ab_q3
1889,variant,paid_ab_q3
2338,control,paid_ab_q3
2521,control,paid_ab_q3
2278,control,paid_ab_q3
2128,variant,paid_ab_q3
3500,variant,paid_ab_q3
4212,control,email_ab_q3
2084,variant,email_ab_q3
737,control,email_ab_q3
4802,control,email_ab_q3
337,variant,paid_ab_q3
2597,control,paid_ab_q3
2772,variant,email_ab_q3
3705,control,paid_ab_q3
4405,variant,paid_ab_q3
1072,variant,email_ab_q3
2291,variant,paid_ab_q3
1673,control,email_ab_q3
4084,control,paid_ab_q3
4251,variant,email_ab_q3
4114,control,email_ab_q3
4409,control,email_ab_q3
3367,variant,paid_ab_q3
1489,variant,paid_ab_q3
499,control,paid_ab_q3
4383,control,paid_ab_q3
3480,control,email_ab_q3
2582,control,email_ab_q3
3124,variant,email_ab_q3
2922,control,paid_ab_q3
4378,variant,email_ab_q3
2645,control,paid_ab_q3
4287,control,email_ab_q3
4041,variant,paid_ab_q3
2035,variant,email_ab_q3
1023,control,paid_ab_q3
2283,control,paid_ab_q3
4887,variant,email_ab_q3
4220,variant,email_ab_q3
3064,control,email_ab_q3
4366,variant,email_ab_q3
666,control,paid_ab_q3
3933,control,email_ab_q3
2639,control,paid_ab_q3
3177,control,paid_ab_q3
4266,variant,email_ab_q3
3122,control,paid_ab_q3
1018,variant,paid_ab_q3
558,variant,paid_ab_q3
2400,variant,paid_ab_q3
1208,variant,paid_ab_q3
2006,variant,paid_ab_q3
2657,control,email_ab_q3
2136,control,email_ab_q3
1511,control,email_ab_q3
1737,variant,email_ab_q3
246,control,email_ab_q3
1164,control,email_ab_q3
3363,variant,email_ab_q3
267,variant,paid_ab_q3
2367,control,paid_ab_q3
1115,control,email_ab_q3
64,variant,paid_ab_q3
2593,variant,email_ab_q3
2789,variant,paid_ab_q3
2758,variant,email_ab_q3
3012,control,paid_ab_q3
3077,variant,email_ab_q3
2999,control,email_ab_q3
2816,variant,email_ab_q3
2260,control,paid_ab_q3
4959,variant,email_ab_q3
3205,control,paid_ab_q3
1238,control,paid_ab_q3
104,control,paid_ab_q3
2644,control,paid_ab_q3
273,control,email_ab_q3
509,control,paid_ab_q3
2227,control,paid_ab_q3
4934,control,email_ab_q3
2442,control,paid_ab_q3
866,control,paid_ab_q3
3327,control,email_ab_q3
909,variant,email_ab_q3
2115,control,paid_ab_q3
3897,control,paid_ab_q3
1628,variant,email_ab_q3
2874,variant,paid_ab_q3
1523,variant,email_ab_q3
836,control,email_ab_q3
359,variant,paid_ab_q3
139,variant,email_ab_q3
300,control,paid_ab_q3
1557,control,email_ab_q3
1004,control,paid_ab_q3
383,variant,email_ab_q3
942,control,email_ab_q3
4447,variant,email_ab_q3
4855,control,paid_ab_q3
762,variant,email_ab_q3
1706,control,paid_ab_q3
1874,variant,email_ab_q3
2551,control,email_ab_q3
2087,control,email_ab_q3
2198,control,paid_ab_q3
899,control,paid_ab_q3
4000,variant,email_ab_q3
3616,variant,email_ab_q3
1403,control,email_ab_q3
3874,control,paid_ab_q3
3786,control,email_ab_q3
4387,variant,paid_ab_q3
2956,variant,paid_ab_q3
1513,control,email_ab_q3
1189,control,paid_ab_q3
2990,variant,paid_ab_q3
2081,variant,email_ab_q3
4984,control,email_ab_q3
3438,control,email_ab_q3
109,variant,paid_ab_q3
4699,control,paid_ab_q3
2828,variant,paid_ab_q3
4748,variant,email_ab_q3
59,variant,email_ab_q3
77,control,email_ab_q3
797,control,email_ab_q3
369,variant,paid_ab_q3
4906,variant,paid_ab_q3
786,control,paid_ab_q3
2089,control,paid_ab_q3
2315,variant,paid_ab_q3
3385,variant,email_ab_q3
3606,variant,email_ab_q3
4112,variant,email_ab_q3
1903,control,paid_ab_q3
1704,variant,paid_ab_q3
122,control,email_ab_q3
1845,variant,email_ab_q3
2370,control,paid_ab_q3
3729,variant,paid_ab_q3
911,variant,email_ab_q3
125,variant,paid_ab_q3
2573,control,email_ab_q3
1587,control,email_ab_q3
1258,control,email_ab_q3
3442,control,paid_ab_q3
3481,control,paid_ab_q3
4109,variant,paid_ab_q3
1179,control,email_ab_q3
3464,control,email_ab_q3
3470,control,paid_ab_q3
3468,variant,email_ab_q3
2104,variant,paid_ab_q3
443,variant,email_ab_q3
2228,control,email_ab_q3
4417,variant,email_ab_q3
926,variant,email_ab_q3
4021,variant,email_ab_q3
2146,control,email_ab_q3
4771,control,paid_ab_q3
1412,variant,email_ab_q3
3467,control,email_ab_q3
2073,control,paid_ab_q3
1510,control,email_ab_q3
1228,control,email_ab_q3
4073,variant,email_ab_q3
2586,control,paid_ab_q3
4451,variant,paid_ab_q3
2952,variant,email_ab_q3
3886,variant,paid_ab_q3
325,variant,paid_ab_q3
3978,variant,email_ab_q3
3577,variant,email_ab_q3
2212,variant,email_ab_q3
3299,control,email_ab_q3
3036,control,paid_ab_q3
1499,control,paid_ab_q3
1503,control,email_ab_q3
1007,control,paid_ab_q3
4180,control,email_ab_q3
3014,control,email_ab_q3
3517,control,paid_ab_q3
1468,variant,paid_ab_q3
1226,variant,paid_ab_q3
3168,control,email_ab_q3
2268,control,paid_ab_q3
3809,variant,paid_ab_q3
1217,variant,email_ab_q3
3977,variant,email_ab_q3
4585,variant,paid_ab_q3
421,control,email_ab_q3
3423,control,paid_ab_q3
7,variant,paid_ab_q3
933,control,email_ab_q3
1692,control,email_ab_q3
440,variant,paid_ab_q3
1314,variant,paid_ab_q3
679,variant,paid_ab_q3
1944,control,paid_ab_q3
4611,control,email_ab_q3
3304,control,paid_ab_q3
2269,variant,email_ab_q3
4634,variant,paid_ab_q3
4081,control,email_ab_q3
2519,variant,paid_ab_q3
2440,variant,paid_ab_q3
4038,control,paid_ab_q3
1894,variant,email_ab_q3
4245,control,paid_ab_q3
4830,variant,paid_ab_q3
2641,control,paid_ab_q3
195,control,paid_ab_q3
1475,variant,paid_ab_q3
4617,variant,email_ab_q3
1212,variant,paid_ab_q3
2439,control,paid_ab_q3
1658,control,paid_ab_q3
2701,variant,paid_ab_q3
3083,control,email_ab_q3
2706,control,paid_ab_q3
4227,variant,paid_ab_q3
2843,variant,email_ab_q3
2303,control,paid_ab_q3
1131,control,email_ab_q3
1462,control,email_ab_q3
277,variant,paid_ab_q3
2223,variant,paid_ab_q3
2332,control,email_ab_q3
4323,control,paid_ab_q3
1303,variant,paid_ab_q3
2518,control,paid_ab_q3
223,control,paid_ab_q3
2037,variant,paid_ab_q3
1925,control,paid_ab_q3
574,control,paid_ab_q3
1237,control,email_ab_q3
3545,variant,paid_ab_q3
2134,control,email_ab_q3
1335,control,paid_ab_q3
2458,control,paid_ab_q3
419,variant,paid_ab_q3
4915,control,paid_ab_q3
1105,control,email_ab_q3
258,variant,paid_ab_q3
296,variant,email_ab_q3
2362,control,email_ab_q3
387,control,email_ab_q3
3309,variant,email_ab_q3
4014,control,paid_ab_q3
2232,variant,paid_ab_q3
2555,variant,email_ab_q3
4336,variant,paid_ab_q3
3516,variant,email_ab_q3
1840,control,email_ab_q3
4385,control,email_ab_q3
1564,variant,email_ab_q3
2016,control,paid_ab_q3
1401,variant,email_ab_q3
713,control,paid_ab_q3
2421,variant,email_ab_q3
2620,variant,email_ab_q3
210,control,paid_ab_q3
4945,variant,paid_ab_q3
1290,control,paid_ab_q3
450,control,paid_ab_q3
4092,variant,email_ab_q3
2570,variant,paid_ab_q3
1821,variant,email_ab_q3
959,control,email_ab_q3
1794,variant,paid_ab_q3
4787,variant,paid_ab_q3
655,control,paid_ab_q3
2408,control,email_ab_q3
3853,control,email_ab_q3
1996,control,email_ab_q3
1761,control,paid_ab_q3
2355,control,email_ab_q3
2742,variant,email_ab_q3
2618,control,paid_ab_q3
412,control,paid_ab_q3
1775,variant,paid_ab_q3
3979,variant,paid_ab_q3
2187,variant,email_ab_q3
2380,control,email_ab_q3
3964,variant,email_ab_q3
4312,control,paid_ab_q3
4775,variant,paid_ab_q3
3703,variant,paid_ab_q3
3973,variant,paid_ab_q3
4766,variant,paid_ab_q3
3559,control,email_ab_q3
4111,control,email_ab_q3
3498,control,paid_ab_q3
3766,variant,email_ab_q3
431,variant,paid_ab_q3
4485,variant,email_ab_q3
2322,control,paid_ab_q3
1367,control,paid_ab_q3
1993,control,paid_ab_q3
2852,variant,email_ab_q3
1177,variant,email_ab_q3
3529,variant,paid_ab_q3
1477,control,email_ab_q3
3741,variant,paid_ab_q3
2046,control,email_ab_q3
103,control,paid_ab_q3
4332,variant,email_ab_q3
2993,variant,paid_ab_q3
1264,variant,email_ab_q3
2882,variant,email_ab_q3
3139,control,paid_ab_q3
3623,control,email_ab_q3
3204,variant,paid_ab_q3
4279,variant,email_ab_q3
3300,control,email_ab_q3
4994,variant,email_ab_q3
3634,variant,email_ab_q3
1644,variant,email_ab_q3
4506,control,email_ab_q3
1,variant,paid_ab_q3
1581,control,paid_ab_q3
4423,variant,paid_ab_q3
4117,control,email_ab_q3
1357,variant,email_ab_q3
4202,variant,paid_ab_q3
4575,control,email_ab_q3
3734,control,paid_ab_q3
2026,control,paid_ab_q3
2219,variant,paid_ab_q3
397,variant,paid_ab_q3
4942,control,email_ab_q3
1065,variant,paid_ab_q3
3081,variant,paid_ab_q3
2154,control,paid_ab_q3
819,control,paid_ab_q3
1813,control,email_ab_q3
2553,control,email_ab_q3
1553,variant,email_ab_q3
4048,variant,email_ab_q3
817,control,paid_ab_q3
1573,variant,email_ab_q3
4553,control,email_ab_q3
1801,control,email_ab_q3
4288,control,email_ab_q3
382,variant,paid_ab_q3
2875,control,paid_ab_q3
4348,variant,paid_ab_q3
4627,variant,email_ab_q3
3504,variant,email_ab_q3
2312,variant,email_ab_q3
1781,variant,paid_ab_q3
2727,control,email_ab_q3
2438,control,paid_ab_q3
2334,variant,email_ab_q3
865,variant,email_ab_q3
3639,control,email_ab_q3
3165,variant,email_ab_q3
555,control,paid_ab_q3
1160,variant,paid_ab_q3
1214,control,email_ab_q3
3761,control,paid_ab_q3
4214,variant,paid_ab_q3
49,variant,paid_ab_q3
2368,variant,email_ab_q3
701,control,email_ab_q3
653,variant,paid_ab_q3
3934,variant,email_ab_q3
4410,variant,paid_ab_q3
3312,control,email_ab_q3
749,variant,paid_ab_q3
1456,variant,email_ab_q3
4196,control,paid_ab_q3
2390,variant,paid_ab_q3
3495,control,paid_ab_q3
867,control,paid_ab_q3
753,control,email_ab_q3
1645,variant,email_ab_q3
93,variant,email_ab_q3
4825,control,paid_ab_q3
3102,variant,paid_ab_q3
2433,variant,paid_ab_q3
2630,control,email_ab_q3
1491,variant,email_ab_q3
2896,control,paid_ab_q3
2178,variant,email_ab_q3
730,control,email_ab_q3
4760,variant,email_ab_q3
2472,variant,email_ab_q3
2243,control,paid_ab_q3
1937,variant,paid_ab_q3
1746,control,email_ab_q3
4747,control,email_ab_q3
4374,variant,email_ab_q3
3492,variant,paid_ab_q3
1111,variant,email_ab_q3
3338,variant,email_ab_q3
4033,control,email_ab_q3
4472,variant,paid_ab_q3
4158,control,email_ab_q3
347,control,paid_ab_q3
1186,control,email_ab_q3
4007,variant,paid_ab_q3
1516,control,email_ab_q3
4670,control,paid_ab_q3
579,variant,paid_ab_q3
1965,control,paid_ab_q3
76,variant,paid_ab_q3
1430,variant,email_ab_q3
3713,variant,paid_ab_q3
4431,variant,email_ab_q3
2752,variant,email_ab_q3
4953,variant,email_ab_q3
1847,variant,email_ab_q3
132,control,email_ab_q3
179,variant,email_ab_q3
2900,control,email_ab_q3
4467,control,paid_ab_q3
4195,control,paid_ab_q3
2523,control,email_ab_q3
1843,variant,email_ab_q3
2099,control,email_ab_q3
3950,control,email_ab_q3
2374,control,email_ab_q3
605,control,email_ab_q3
2628,variant,email_ab_q3
26,variant,email_ab_q3
659,control,email_ab_q3
4978,variant,email_ab_q3
3318,variant,paid_ab_q3
3869,variant,paid_ab_q3
174,variant,email_ab_q3
1612,variant,email_ab_q3
438,variant,email_ab_q3
332,control,paid_ab_q3
3101,variant,email_ab_q3
1455,control,paid_ab_q3
343,control,paid_ab_q3
3210,variant,paid_ab_q3
